filename,object_location,image_small,image_thumb
prr01.jpg,/objects/prr01.jpg,/objects/small/prr01_sm.jpg,/objects/thumbs/prr01_th.jpg
prr02.jpg,/objects/prr02.jpg,/objects/small/prr02_sm.jpg,/objects/thumbs/prr02_th.jpg
prr03.jpg,/objects/prr03.jpg,/objects/small/prr03_sm.jpg,/objects/thumbs/prr03_th.jpg
prr05.pdf,/objects/prr05.pdf,/objects/small/prr05_sm.jpg,/objects/thumbs/prr05_th.jpg
prr06.jpg,/objects/prr06.jpg,/objects/small/prr06_sm.jpg,/objects/thumbs/prr06_th.jpg
prr07.jpg,/objects/prr07.jpg,/objects/small/prr07_sm.jpg,/objects/thumbs/prr07_th.jpg
prr08.jpg,/objects/prr08.jpg,/objects/small/prr08_sm.jpg,/objects/thumbs/prr08_th.jpg
prr09.png,/objects/prr09.png,/objects/small/prr09_sm.jpg,/objects/thumbs/prr09_th.jpg
prr10.jpg,/objects/prr10.jpg,/objects/small/prr10_sm.jpg,/objects/thumbs/prr10_th.jpg
prr11.jpg,/objects/prr11.jpg,/objects/small/prr11_sm.jpg,/objects/thumbs/prr11_th.jpg
prr12.jpg,/objects/prr12.jpg,/objects/small/prr12_sm.jpg,/objects/thumbs/prr12_th.jpg
prr13.jpg,/objects/prr13.jpg,/objects/small/prr13_sm.jpg,/objects/thumbs/prr13_th.jpg
prr14.jpg,/objects/prr14.jpg,/objects/small/prr14_sm.jpg,/objects/thumbs/prr14_th.jpg
prr15.jpg,/objects/prr15.jpg,/objects/small/prr15_sm.jpg,/objects/thumbs/prr15_th.jpg
prr16.jpg,/objects/prr16.jpg,/objects/small/prr16_sm.jpg,/objects/thumbs/prr16_th.jpg
prr17.jpg,/objects/prr17.jpg,/objects/small/prr17_sm.jpg,/objects/thumbs/prr17_th.jpg
prr18.jpg,/objects/prr18.jpg,/objects/small/prr18_sm.jpg,/objects/thumbs/prr18_th.jpg
prr19.jpg,/objects/prr19.jpg,/objects/small/prr19_sm.jpg,/objects/thumbs/prr19_th.jpg
prr20.jpg,/objects/prr20.jpg,/objects/small/prr20_sm.jpg,/objects/thumbs/prr20_th.jpg
